Frage;Typ;Antwort 1;Korrekt 1;Antwort 2;Korrekt 2;Antwort 3;Korrekt 3;Antwort 4;Korrekt 4;Erläuterung
Was ist die primäre Aufgabe des 'Compilers' in der klassischen C/C++-Toolchain?;Multiple Choice;Er klebt (linkt) mehrere Objektdateien und Bibliotheken zusammen, um die finalen Speicheradressen in eine ausführbare Datei (Executable) einzutragen.;incorrect;Er übersetzt den reinen Text-Assembler direkt in 32-Bit-Maschinencode (Hex/Binär).;incorrect;Er überprüft die Syntax und Semantik des hochsprachlichen C-Codes, führt Optimierungen durch und übersetzt ihn in Hardware-spezifischen Assembler-Code (z.B. RISC-V).;correct;Er fügt Text-Makros wie #define und Header-Dateien ein, bevor der Code überhaupt gelesen wird.;incorrect;Der Compiler ist das Herzstück der Transformation: Er überführt abstrakte C-Konstrukte (wie while-Schleifen) unter Anwendung von Optimierungen in die textuelle Befehlsfolge (Assembler) der Zielarchitektur.
Welche Rolle übernimmt der 'Linker' am Ende des Übersetzungsprozesses?;Multiple Choice;Er führt die einzelnen Maschinencode-Blöcke (Object-Files) und externe Bibliotheken (z.B. libc) zusammen und trägt die finalen, globalen Speicheradressen für Sprünge (jumps) und Datenzugriffe (loads) ein.;correct;Er simuliert das fertig kompilierte Programm in einer virtuellen Umgebung, bevor es auf dem echten Prozessor ausgeführt wird.;incorrect;Er optimiert die Pipeline-Performance, indem er Befehle nachträglich umordnet (Instruction Scheduling).;incorrect;Er analysiert den C-Quelltext auf Speicherlecks und meldet strukturelle Fehler an den Programmierer.;incorrect;Der Assembler erzeugt pro C-Datei eine '.o'-Datei (Object File). Wenn Funktion A in Datei 1 eine Funktion B in Datei 2 aufruft, kennt der Assembler die Zieladresse noch nicht. Der Linker verbindet alle Dateien und trägt die finalen Adressen in den Maschinencode ein.
In C ist die Logik einer if-else-Struktur oft abstrahiert. Wie realisiert der Compiler (in RISC-V Assembler) standardmäßig den Ausstieg aus dem 'If'-Block, sodass der 'Else'-Block NICHT mit ausgeführt wird?;Multiple Choice;Durch ein invertiertes 'bne'-Signal am Anfang des Else-Blocks, das die CPU auffordert, den Block zu ignorieren.;incorrect;Durch die Anweisung 'ret', die die Ausführung der aktuellen Funktion beendet und zum Betriebssystem zurückkehrt.;incorrect;Durch einen Hardware-Trap, der das Register File sperrt, bis der Else-Block physisch überlaufen wurde.;incorrect;Durch einen unbedingten Sprungbefehl (z.B. 'j End'), der unmittelbar am Ende des If-Blocks steht und den Program Counter über den Else-Block hinweg zur Fortsetzung des Programms springen lässt.;correct;Ohne den rettenden unbedingten Sprung (j) am Ende des If-Blocks würde die CPU nach Abarbeitung des If-Codes durch linearen Fall-Through direkt in den Else-Code rutschen und diesen fehlerhaft ebenfalls ausführen.
Beim Kompilieren einer C-Schleife der Form 'while (i < 10)' in RISC-V-Assembler wählt der Compiler typischerweise welchen Ansatz für den kopfgesteuerten Abbruch?;Multiple Choice;Er invertiert die C-Bedingung in Assembler und verwendet oft 'bge i, 10, End' (Branch if Greater or Equal), um aus der Schleife sofort in den Code nach der Schleife zu springen, sobald die Grenze erreicht ist.;correct;Er ersetzt die Schleife vollständig durch eine rekursive Funktion, da RISC-V keine Hardware-Schleifenbefehle besitzt.;incorrect;Er prüft ausschließlich am Ende der Schleife (fußgesteuert) und spart dadurch den Sprung am Schleifenkopf.;incorrect;Er übersetzt es direkt mit 'blt i, 10, Body', wodurch eine Endlosschleife entsteht, die vom Betriebssystem überwacht wird.;incorrect;Invertierung der Logik: In C steht, wann die Schleife LAUFEN soll (i < 10). In Assembler programmiert man, wann sie ABBRECHEN soll. Ist i >= 10 (bge), verlässt der Program Counter die Schleife nach unten. Ist das nicht der Fall, fällt er linear in den Schleifenrumpf (Body).
In einer Finite State Machine (FSM), wie beispielsweise für eine Ampelsteuerung oder ein Codeschloss, ist ein entscheidendes Paradigma:;Multiple Choice;"Das System befindet sich zu jedem Zeitpunkt in genau einem eindeutigen Zustand (State); externe Eingaben (z.B. Taster) lösen deterministische Übergänge (Transitions) in neue Zustände aus.";correct;Es führt mehrere Zustände (z.B. Rot und Grün) gleichzeitig parallel aus, um Latenzzeiten auf dem Datenpfad zu minimieren.;incorrect;Das System arbeitet rein kombinatorisch und benötigt keinerlei Speicher oder Register zur Zustandshaltung.;incorrect;Das System durchläuft immer zwingend alle programmierten Zustände in einer fest definierten Reihenfolge, unabhängig von externen Sensordaten.;incorrect;Eine FSM (Endlicher Automat) merkt sich ihren aktuellen Status (z.B. State 1 = Gelb). Ereignisse wie Timer oder Sensoren triggern Zustandswechsel. Dies bündelt I/O, Kontrollfluss und Logik.
[Schwer] Betrachten Sie die Übersetzung des C-Codes 'array[i]'. Warum erfordert dieser Zugriff in Assembler zwingend eine Multiplikation des Index 'i' mit 4 (z.B. mittels 'slli tl, s1, 2')?;Multiple Choice;Weil der Arbeitsspeicher (RAM) byte-adressierbar ist, ein Standard-Integer in RISC-V jedoch aus 4 Bytes (32 Bits) besteht. Um die korrekte Startadresse des i-ten Integers im Speicher zu berechnen, muss der Index daher mit 4 skaliert werden.;correct;Weil die Hardware-ALU den Additions-Befehl nur auf Vielfache von 4 anwenden kann.;incorrect;Weil die CPU intern im 4-Takt-Rhythmus (Pipelining) arbeitet und der Lesezugriff an diesen Zyklus angepasst werden muss.;incorrect;Weil Arrays in RISC-V zwingend in 4-Byte-Clustern komprimiert werden, um Cache-Misses zu vermeiden.;incorrect;Der C-Compiler erledigt die Skalierung passend zum Datentyp (int = 4 Bytes) unsichtbar. In Assembler bedeutet Index i=1, dass wir das zweite Element wollen. Da Element 0 die Bytes 0-3 belegt, beginnt Element 1 bei Adresse + 4, Element 2 bei + 8, usw. Ein Shift-Left um 2 (slli) ist eine extrem schnelle Multiplikation mit 4.
"[Schwer] Eine C-Funktion hat den folgenden Aufbau: 'int calc(int a) { return a * 2; }'. Warum benötigt diese übersetzte Funktion (in Assembler) KEINEN Stack-Prolog und Epilog (d.h. sie ist eine reine 'Leaf'-Funktion)?";Multiple Choice;Weil sie Parameter ausschließlich über Memory-Mapped I/O empfängt, anstatt die a-Register (a0-a7) zu verwenden.;incorrect;Weil sie das Ergebnis direkt in das Register x0 (Hardwired Zero) schreibt, anstatt in den Speicher.;incorrect;Weil Multiplikationen in der ALU grundsätzlich keinen Stack-Speicher erfordern.;incorrect;Weil sie intern keine weiteren Funktionen via 'jal' aufruft und somit ihr eigenes Rückflugticket im 'ra'-Register (Return Address) niemals durch Hardware-Befehle überschrieben oder zerstört wird.;correct;Eine 'Leaf'-Funktion (Blatt am Funktionsbaum) macht keine 'Nested Calls' (ruft nichts weiter auf). Daher gibt es im Funktionsrumpf keinen weiteren 'jal'-Befehl, der das Register 'ra' überschreiben würde. Sie kann ihre Register-Arbeit leisten und direkt mit 'ret' über das intakte 'ra' nach Hause springen.
[Schwer] Wenn ein C-Programm mit dem Compiler-Flag '-O3' (höchste Optimierungsstufe) kompiliert wird, führt der Compiler häufig 'Instruction Scheduling' durch. Was ist das Ziel dieser Technik?;Multiple Choice;Er ordnet unabhängige Instruktionen so um, dass Pipeline-Bubbles (Stalls), die durch Load-Use-Hazards oder RAM-Latenzen entstehen, effektiv gefüllt werden, ohne die inhaltliche Logik des Codes zu verändern.;correct;Er ersetzt alle R-Type-Befehle durch performantere Floating-Point-Befehle.;incorrect;Er fasst alle Assembler-Befehle zu einem einzigen, riesigen I-Type-Befehl zusammen, der in einem einzigen Taktzyklus abgearbeitet wird.;incorrect;Er überschreibt den Microcode der Control Unit, um neue, Hardware-spezifische Opcodes zu generieren.;incorrect;Wie in Einheit 7 gelernt, verursacht ein Load gefolgt von einer sofortigen Nutzung (Load-Use-Hazard) einen harten Pipeline-Stall. Der Compiler (-O3) ist clever genug, unabhängigen Code aus der Umgebung genau in diese Lücke zu ziehen. Die CPU arbeitet durchgehend (Out-of-Order Execution via Software).
[Schwer] Bei der Klausuraufgabe zum 'Tracing' des Datenpfads (Klausur-Typ 3) muss das Signal 'MemtoReg' für den Befehl 'or' (Opcode 0110011) abgeleitet werden. Was ist der korrekte Wert und warum?;Multiple Choice;Der Wert ist 1, da logische Operationen immer mit Bitmasken direkt aus dem Arbeitsspeicher (RAM) gespeist werden.;incorrect;Der Wert ist 0, aber nur, weil 'RegWrite' auf 0 steht und das Signal somit an der Registerbank abprallt.;incorrect;Der Wert ist X (Don't Care), da logische Befehle (wie and, or) keine Zielregister modifizieren dürfen.;incorrect;Der Wert ist 0. Der 'or'-Befehl ist ein R-Type, der das berechnete Ergebnis aus der ALU direkt in das Zielregister (rd) schreiben muss, weshalb der Multiplexer vor dem Register File auf den ALU-Pfad (und nicht auf den RAM-Pfad) geschaltet sein muss.;correct;Der 'or'-Befehl rechnet mit zwei Registern und schreibt das Resultat zurück ins Register File (RegWrite = 1). Das Ergebnis liefert die ALU, nicht der Datenspeicher (RAM). Der Mux 'MemtoReg' steht also auf 0 (0 = ALU-Ergebnis, 1 = RAM-Ausgang).
[Schwer] Warum wird bei der Implementierung einer Hardware-Endlosschleife zum Auslesen von Tastern in einer State Machine oft eine 'Software-Entprellung' (Debouncing) benötigt?;Multiple Choice;Um die Latenz (Memory Wall) des Arbeitsspeichers künstlich an die langsame Taktrate der Peripherie anzugleichen.;incorrect;Weil mechanische Schalter beim Drücken für wenige Millisekunden physikalisch prellen (schneller Wechsel zwischen 0 und 1). Die Pipeline-CPU fragt das I/O-Register millionenfach pro Sekunde ab und würde einen einzigen Fingerdruck fehlerhaft als dutzende Einzelklicks registrieren.;correct;Weil das CSR-System des Betriebssystems nach jedem MMIO-Lesevorgang einen erzwungenen Trap auslöst, der manuell quittiert werden muss.;incorrect;Weil die ALU durch das ständige Auslesen des gleichen Registers überhitzen könnte, weshalb Takte übersprungen werden müssen.;incorrect;Mechanische Kontakte springen beim Schließen (Prellen). Die CPU mit z.B. 4 GHz würde während dieser instabilen Phase hunderte Male eine 1 (geschlossen) und eine 0 (offen) lesen. Eine Verzögerungsschleife (Delay Loop) in Software lässt der Physik Zeit, bis der Kontakt stabil ist.
